Tiempo_s,Entrada_AQW0_V,Velocidad_HSC0_RPM,Consigna_Freq_Hz
0.00,0.00,0.0,0.0
0.02,0.00,0.0,0.0
0.04,0.00,0.0,0.0
0.06,0.00,0.0,0.0
0.08,0.00,0.0,0.0
0.10,0.00,0.0,0.0
0.12,0.00,0.0,0.0
0.14,0.00,0.0,0.0
0.16,0.00,0.0,0.0
0.18,0.00,0.0,0.0
0.20,0.00,0.0,0.0
0.22,0.00,0.0,0.0
0.24,0.00,0.0,0.0
0.26,0.00,0.0,0.0
0.28,0.00,0.0,0.0
0.30,0.00,0.0,0.0
0.32,0.00,0.0,0.0
0.34,0.00,0.0,0.0
0.36,0.00,0.0,0.0
0.38,0.00,0.0,0.0
0.40,0.00,0.0,0.0
0.42,0.00,0.0,0.0
0.44,0.00,0.0,0.0
0.46,0.00,0.0,0.0
0.48,0.00,0.0,0.0
0.50,5.00,0.0,30.0
0.52,5.00,0.0,30.0
0.54,5.00,0.0,30.0
0.56,5.00,0.0,30.0
0.58,5.00,0.0,30.0
0.60,5.00,0.0,30.0
0.62,5.00,0.0,30.0
0.64,5.00,0.0,30.0
0.66,5.00,0.0,30.0
0.68,5.00,0.0,30.0
0.70,5.00,0.0,30.0
0.72,5.00,0.0,30.0
0.74,5.00,0.0,30.0
0.76,5.00,0.0,30.0
0.78,5.00,0.0,30.0
0.80,5.00,0.0,30.0
0.82,5.00,0.0,30.0
0.84,5.00,0.0,30.0
0.86,5.00,0.0,30.0
0.88,5.00,28.9,30.0
0.90,5.00,54.9,30.0
0.92,5.00,95.1,30.0
0.94,5.00,123.6,30.0
0.96,5.00,147.5,30.0
0.98,5.00,180.4,30.0
1.00,5.00,201.2,30.0
1.02,5.00,235.9,30.0
1.04,5.00,256.4,30.0
1.06,5.00,283.0,30.0
1.08,5.00,316.3,30.0
1.10,5.00,333.2,30.0
1.12,5.00,361.8,30.0
1.14,5.00,382.1,30.0
1.16,5.00,393.9,30.0
1.18,5.00,429.9,30.0
1.20,5.00,449.4,30.0
1.22,5.00,469.8,30.0
1.24,5.00,493.0,30.0
1.26,5.00,513.6,30.0
1.28,5.00,519.2,30.0
1.30,5.00,551.2,30.0
1.32,5.00,565.8,30.0
1.34,5.00,590.1,30.0
1.36,5.00,608.6,30.0
1.38,5.00,625.1,30.0
1.40,5.00,648.0,30.0
1.42,5.00,653.0,30.0
1.44,5.00,674.7,30.0
1.46,5.00,692.4,30.0
1.48,5.00,716.5,30.0
1.50,5.00,728.4,30.0
1.52,5.00,736.8,30.0
1.54,5.00,749.4,30.0
1.56,5.00,778.2,30.0
1.58,5.00,793.0,30.0
1.60,5.00,793.2,30.0
1.62,5.00,814.5,30.0
1.64,5.00,822.8,30.0
1.66,5.00,845.2,30.0
1.68,5.00,861.8,30.0
1.70,5.00,872.5,30.0
1.72,5.00,878.8,30.0
1.74,5.00,890.9,30.0
1.76,5.00,905.4,30.0
1.78,5.00,912.7,30.0
1.80,5.00,931.9,30.0
1.82,5.00,942.0,30.0
1.84,5.00,950.1,30.0
1.86,5.00,958.4,30.0
1.88,5.00,970.9,30.0
1.90,5.00,991.1,30.0
1.92,5.00,994.9,30.0
1.94,5.00,1000.0,30.0
1.96,5.00,1012.7,30.0
1.98,5.00,1016.5,30.0
2.00,5.00,1042.1,30.0
2.02,5.00,1033.2,30.0
2.04,5.00,1045.3,30.0
2.06,5.00,1058.8,30.0
2.08,5.00,1072.7,30.0
2.10,5.00,1068.6,30.0
2.12,5.00,1072.0,30.0
2.14,5.00,1093.0,30.0
2.16,5.00,1096.2,30.0
2.18,5.00,1109.5,30.0
2.20,5.00,1110.2,30.0
2.22,5.00,1125.0,30.0
2.24,5.00,1126.6,30.0
2.26,5.00,1135.3,30.0
2.28,5.00,1141.8,30.0
2.30,5.00,1149.3,30.0
2.32,5.00,1150.3,30.0
2.34,5.00,1159.5,30.0
2.36,5.00,1167.1,30.0
2.38,5.00,1172.6,30.0
2.40,5.00,1169.8,30.0
2.42,5.00,1186.9,30.0
2.44,5.00,1184.8,30.0
2.46,5.00,1199.5,30.0
2.48,5.00,1193.6,30.0
2.50,5.00,1213.8,30.0
2.52,5.00,1216.6,30.0
2.54,5.00,1214.7,30.0
2.56,5.00,1225.2,30.0
2.58,5.00,1227.6,30.0
2.60,5.00,1229.5,30.0
2.62,5.00,1230.6,30.0
2.64,5.00,1240.1,30.0
2.66,5.00,1251.5,30.0
2.68,5.00,1246.5,30.0
2.70,5.00,1253.6,30.0
2.72,5.00,1249.2,30.0
2.74,5.00,1264.4,30.0
2.76,5.00,1259.2,30.0
2.78,5.00,1265.4,30.0
2.80,5.00,1270.6,30.0
2.82,5.00,1277.2,30.0
2.84,5.00,1281.9,30.0
2.86,5.00,1285.0,30.0
2.88,5.00,1283.6,30.0
2.90,5.00,1292.1,30.0
2.92,5.00,1302.3,30.0
2.94,5.00,1304.7,30.0
2.96,5.00,1298.1,30.0
2.98,5.00,1307.3,30.0
3.00,5.00,1313.9,30.0
3.02,5.00,1310.9,30.0
3.04,5.00,1317.4,30.0
3.06,5.00,1311.6,30.0
3.08,5.00,1310.4,30.0
3.10,5.00,1318.9,30.0
3.12,5.00,1331.1,30.0
3.14,5.00,1320.6,30.0
3.16,5.00,1332.3,30.0
3.18,5.00,1338.8,30.0
3.20,5.00,1327.7,30.0
3.22,5.00,1340.3,30.0
3.24,5.00,1342.0,30.0
3.26,5.00,1346.9,30.0
3.28,5.00,1349.7,30.0
3.30,5.00,1349.0,30.0
3.32,5.00,1353.9,30.0
3.34,5.00,1349.3,30.0
3.36,5.00,1352.3,30.0
3.38,5.00,1357.6,30.0
3.40,5.00,1351.5,30.0
3.42,5.00,1365.6,30.0
3.44,5.00,1367.2,30.0
3.46,5.00,1359.5,30.0
3.48,5.00,1366.8,30.0
3.50,5.00,1373.4,30.0
3.52,5.00,1367.0,30.0
3.54,5.00,1372.5,30.0
3.56,5.00,1383.5,30.0
3.58,5.00,1368.4,30.0
3.60,5.00,1369.4,30.0
3.62,5.00,1378.6,30.0
3.64,5.00,1380.6,30.0
3.66,5.00,1375.4,30.0
3.68,5.00,1383.9,30.0
3.70,5.00,1381.6,30.0
3.72,5.00,1390.9,30.0
3.74,5.00,1380.1,30.0
3.76,5.00,1390.6,30.0
3.78,5.00,1394.5,30.0
3.80,5.00,1384.1,30.0
3.82,5.00,1394.0,30.0
3.84,5.00,1386.6,30.0
3.86,5.00,1394.7,30.0
3.88,5.00,1390.6,30.0
3.90,5.00,1402.7,30.0
3.92,5.00,1398.5,30.0
3.94,5.00,1400.6,30.0
3.96,5.00,1399.4,30.0
3.98,5.00,1396.8,30.0
4.00,5.00,1403.1,30.0
4.02,5.00,1405.1,30.0
4.04,5.00,1411.7,30.0
4.06,5.00,1400.6,30.0
4.08,5.00,1397.5,30.0
4.10,5.00,1407.8,30.0
4.12,5.00,1412.5,30.0
4.14,5.00,1403.8,30.0
4.16,5.00,1404.0,30.0
4.18,5.00,1411.2,30.0
4.20,5.00,1406.6,30.0
4.22,5.00,1416.4,30.0
4.24,5.00,1413.9,30.0
4.26,5.00,1414.5,30.0
4.28,5.00,1409.8,30.0
4.30,5.00,1421.1,30.0
4.32,5.00,1419.6,30.0
4.34,5.00,1415.9,30.0
4.36,5.00,1416.6,30.0
4.38,5.00,1414.9,30.0
4.40,5.00,1424.4,30.0
4.42,5.00,1418.4,30.0
4.44,5.00,1417.8,30.0
4.46,5.00,1422.7,30.0
4.48,5.00,1421.1,30.0
4.50,5.00,1424.3,30.0
4.52,5.00,1418.2,30.0
4.54,5.00,1422.7,30.0
4.56,5.00,1423.8,30.0
4.58,5.00,1422.7,30.0
4.60,5.00,1426.3,30.0
4.62,5.00,1418.9,30.0
4.64,5.00,1422.6,30.0
4.66,5.00,1427.0,30.0
4.68,5.00,1419.2,30.0
4.70,5.00,1422.4,30.0
4.72,5.00,1425.9,30.0
4.74,5.00,1429.9,30.0
4.76,5.00,1425.1,30.0
4.78,5.00,1431.7,30.0
4.80,5.00,1432.4,30.0
4.82,5.00,1427.4,30.0
4.84,5.00,1431.1,30.0
4.86,5.00,1429.0,30.0
4.88,5.00,1433.0,30.0
4.90,5.00,1433.3,30.0
4.92,5.00,1437.9,30.0
4.94,5.00,1428.8,30.0
4.96,5.00,1426.3,30.0
4.98,5.00,1433.5,30.0
5.00,5.00,1435.1,30.0
